,_latitude,_longitude,97_number_of_customers_in_store,268_number_fridges,104_how_many_shelves_does_the_micro_retailer_have,2_current_permanent_employees,4_number_permanent_employees_last_year,145_number_direct_competitors,272_card_days_receive_money,276_expected_days_informal_credit,36_credit_default_rate,62_frequency_only_services,103_number_own_fridges,24_burnout,172_supplier_frequency,163_number_high_perishable_products,108_does_the_micro_retailer_has_a_barred_window_,99_does_the_micro_retailer_exhibits_products_outside_,102_does_the_micro_retailer_sells_fresh_products_
0,19.0493900908,-98.1977276132,3,4.0,95,1.0,1.0,4.0,1.0,7.0,5.0,1.0,4.0,4.0,4.0,2.0,no,no,yes
1,19.0449551147,-98.1936556846,2,4.0,86,1.0,1.0,4.0,1.0,7.0,5.0,1.0,4.0,4.0,1.0,2.0,no,no,yes
2,19.049513054,-98.1967942044,3,4.0,87,0.0,0.0,6.0,1.0,7.0,5.0,1.0,4.0,4.0,3.0,3.0,no,no,no
3,19.0478929748,-98.1956328079,3,0.0,98,0.0,0.0,2.0,1.0,7.0,5.0,1.0,5.0,4.0,2.0,0.0,no,no,no
4,19.0451157951,-98.20214957,0,5.0,93,0.0,0.0,6.0,1.0,7.0,5.0,1.0,5.0,4.0,2.0,3.0,no,no,no
5,19.046021086,-98.2037023746,3,8.0,130,2.0,0.0,4.0,1.0,7.0,5.0,1.0,2.0,4.0,7.0,0.0,no,yes,yes
6,19.00916385,-98.2203581651,2,4.0,10,2.0,2.0,4.0,1.0,7.0,5.0,1.0,2.0,4.0,1.0,4.0,yes,no,no
7,19.0124508133,-98.2174167038,1,4.0,6,1.0,1.0,1.0,1.0,7.0,5.0,1.0,2.0,4.0,1.0,4.0,yes,no,no
8,19.0125966,-98.2209781,0,4.0,3,1.0,1.0,4.0,1.0,7.0,0.0,1.0,2.0,4.0,2.0,4.0,no,no,no
9,19.0104211,-98.2228552,2,4.0,4,1.0,1.0,4.0,1.0,7.0,0.0,1.0,2.0,4.0,2.0,4.0,no,no,no
10,19.0109276,-98.2224859,1,2.0,4,1.0,1.0,4.0,1.0,7.0,0.0,1.0,2.0,4.0,2.0,4.0,no,no,no
11,19.0120445,-98.2219291,0,2.0,5,1.0,1.0,5.0,1.0,7.0,0.0,1.0,2.0,4.0,3.0,5.0,no,no,yes
12,19.0133255,-98.2211838,0,4.0,4,1.0,1.0,5.0,1.0,7.0,0.0,1.0,2.0,4.0,3.0,5.0,no,no,yes
13,19.0135566,-98.2210565,1,2.0,4,0.0,0.0,4.0,1.0,7.0,0.0,1.0,0.0,4.0,2.0,4.0,no,no,no
14,19.0139867,-98.2207869,0,0.0,0,0.0,0.0,0.0,1.0,7.0,0.0,4.0,3.0,5.0,1.0,1.0,no,yes,yes
15,19.0042859266,-98.2664427906,2,3.0,1,3.0,3.0,2.0,1.0,7.0,0.0,4.0,3.0,3.0,2.0,10.0,no,no,yes
16,19.0439568373,-98.1995625848,0,2.0,2,50.0,45.0,8.0,1.0,7.0,0.0,100.0,0.0,1.0,1.0,0.0,yes,no,yes
17,19.0437893,-98.1990342,3,0.0,10,50.0,45.0,8.0,1.0,7.0,0.0,100.0,0.0,1.0,1.0,0.0,no,no,no
18,19.0434088,-98.1992462,4,1.0,6,0.0,0.0,0.0,1.0,7.0,0.0,5.0,0.0,1.0,1.0,0.0,no,no,yes
19,19.0433357,-98.1993241,1,0.0,2,4.0,4.0,5.0,1.0,7.0,0.0,5.0,1.0,1.0,1.0,0.0,no,no,no
20,19.0431018,-98.199479,0,0.0,4,0.0,0.0,7.0,1.0,7.0,0.0,5.0,1.0,3.0,1.0,0.0,no,no,no
21,19.0094169656,-98.2225517896,2,1.0,1,1.0,2.0,7.0,0.0,7.0,0.0,5.0,1.0,3.0,2.0,5.0,no,no,no
22,19.0109511535,-98.2218001557,1,1.0,1,1.0,1.0,5.0,0.0,7.0,0.0,2.0,1.0,3.0,2.0,2.0,no,no,no
23,19.0104659252,-98.2209013304,2,2.0,1,0.0,1.0,4.0,0.0,7.0,0.0,2.0,1.0,3.0,2.0,4.0,no,no,no
24,19.0126011328,-98.2204573719,1,2.0,1,1.0,1.0,6.0,0.0,7.0,0.0,2.0,0.0,3.0,2.0,4.0,no,no,no
25,19.0140023251,-98.2197142766,0,2.0,1,0.0,0.0,5.0,0.0,7.0,0.0,2.0,0.0,3.0,1.0,3.0,yes,yes,no
26,19.0089785207,-98.2224862941,1,2.0,3,0.0,1.0,6.0,0.0,7.0,0.0,2.0,1.0,3.0,1.0,6.0,no,no,no
27,19.0197515,-98.2625225,1,1.0,3,1.0,15.0,3.0,0.0,7.0,0.0,2.0,2.0,3.0,1.0,10.0,no,yes,no
28,19.0197535,-98.2624963,6,0.0,3,15.0,15.0,2.0,2.0,7.0,0.0,2.0,2.0,3.0,1.0,10.0,yes,no,no
29,19.0192443,-98.2625228,8,2.0,1,15.0,15.0,2.0,2.0,7.0,0.0,2.0,2.0,3.0,1.0,10.0,no,no,no
30,19.0194612,-98.2615355,0,4.0,12,15.0,15.0,2.0,2.0,7.0,0.0,2.0,2.0,3.0,1.0,10.0,no,no,yes
31,19.0192329,-98.2614165,1,1.0,1,15.0,15.0,2.0,2.0,7.0,0.0,2.0,2.0,3.0,1.0,10.0,no,no,no
32,19.0192794,-98.2616682,0,0.0,4,15.0,15.0,2.0,2.0,7.0,0.0,2.0,2.0,3.0,1.0,10.0,no,no,no
33,19.0190695,-98.2617589,0,1.0,3,15.0,15.0,2.0,2.0,7.0,0.0,2.0,2.0,3.0,1.0,10.0,no,no,no
34,19.0190845,-98.2626101,0,0.0,3,2.0,2.0,3.0,2.0,7.0,0.0,2.0,2.0,3.0,1.0,5.0,no,no,no
35,19.0194635,-98.2624777,1,2.0,3,3.0,2.0,8.0,1.0,7.0,0.0,2.0,2.0,4.0,7.0,10.0,no,no,no
36,19.018755,-98.2619765,1,0.0,0,1.0,1.0,8.0,1.0,7.0,0.0,2.0,2.0,4.0,3.0,10.0,no,no,no
37,19.0189109,-98.2622415,0,0.0,0,1.0,1.0,8.0,1.0,7.0,0.0,2.0,2.0,4.0,3.0,10.0,no,no,no
38,19.0191329,-98.2616581,0,0.0,3,1.0,1.0,8.0,1.0,7.0,0.0,2.0,2.0,4.0,3.0,10.0,no,no,no
39,19.013027,-98.2273483,0,2.0,2,1.0,1.0,8.0,1.0,7.0,0.0,2.0,2.0,4.0,3.0,10.0,no,yes,yes
40,19.0133809,-98.2274412,2,4.0,6,1.0,1.0,8.0,1.0,7.0,0.0,2.0,2.0,4.0,3.0,10.0,yes,yes,yes
41,19.0126022,-98.2291983,0,0.0,4,1.0,1.0,2.0,1.0,7.0,0.0,0.0,1.0,4.0,1.0,0.0,no,yes,no
42,19.010985,-98.2296743,0,1.0,0,2.0,1.0,3.0,1.0,3.0,0.0,4.0,1.0,4.0,3.0,10.0,no,yes,no
43,19.0104145,-98.2305834,0,1.0,2,1.0,1.0,4.0,1.0,3.0,0.0,5.0,1.0,3.0,1.0,2.0,no,no,no
44,19.0095685,-98.230817,0,1.0,1,2.0,0.0,2.0,1.0,7.0,0.0,3.0,1.0,7.0,1.0,10.0,no,no,yes
45,19.0106184,-98.2302447,0,2.0,4,1.0,0.0,15.0,1.0,7.0,0.0,1.0,1.0,2.0,5.0,0.0,no,yes,yes
46,19.0367582,-98.2601986,3,4.0,2,1.0,1.0,5.0,1.0,7.0,0.0,50.0,1.0,2.0,7.0,5.0,no,no,no
47,19.0367441,-98.2603664,2,5.0,1,1.0,1.0,5.0,1.0,7.0,0.0,50.0,1.0,2.0,7.0,5.0,no,no,no
48,19.0122639878,-98.229933181,1,4.0,6,1.0,1.0,5.0,1.0,7.0,0.0,50.0,1.0,2.0,7.0,5.0,yes,yes,yes
49,19.0123242466,-98.2298505866,2,0.0,1,0.0,1.0,5.0,1.0,7.0,2.0,3.0,1.0,2.0,1.0,15.0,no,no,yes
50,19.0120750364,-98.2294305393,2,2.0,2,0.0,0.0,10.0,1.0,7.0,2.0,3.0,1.0,2.0,3.0,10.0,no,yes,yes
51,19.011842865,-98.2296537134,2,4.0,8,1.0,1.0,3.0,1.0,7.0,2.0,15.0,1.0,3.0,3.0,2.0,no,yes,yes
52,19.0117779794,-98.2295831893,1,0.0,5,0.0,0.0,4.0,1.0,7.0,0.0,5.0,1.0,3.0,1.0,0.0,yes,yes,no
53,19.0115706216,-98.2297524994,2,0.0,2,0.0,0.0,15.0,3.0,60.0,2.0,5.0,1.0,3.0,1.0,0.0,no,no,no
54,19.0115530696,-98.2297618222,3,0.0,3,0.0,0.0,10.0,3.0,60.0,2.0,5.0,1.0,5.0,1.0,0.0,no,no,no
55,19.0371103,-98.2610671,4,1.0,1,2.0,3.0,3.0,3.0,60.0,2.0,7.0,1.0,5.0,1.0,2.0,no,no,no
56,19.0369305,-98.260623,3,3.0,2,1.0,2.0,3.0,3.0,60.0,2.0,7.0,1.0,6.0,2.0,2.0,no,no,no
57,19.0368797,-98.2606621,3,1.0,1,1.0,2.0,3.0,3.0,60.0,2.0,7.0,1.0,6.0,2.0,2.0,yes,no,no
58,19.0514750654,-98.1968139857,6,9.0,65,3.0,1.0,1.0,1.0,60.0,2.0,4.0,0.0,4.0,4.0,1.0,no,no,no
59,19.0000591753,-98.2726417948,2,1.0,2,2.0,2.0,20.0,0.0,60.0,2.0,45.0,1.0,3.0,3.0,5.0,yes,no,yes
60,19.0072627649,-98.2227635824,3,9.0,10,3.0,6.0,2.0,0.0,60.0,2.0,45.0,1.0,7.0,3.0,5.0,yes,yes,yes
61,19.012225817,-98.2196779521,1,1.0,5,0.0,0.0,6.0,1.0,60.0,2.0,2.0,1.0,7.0,2.0,4.0,no,no,no
62,19.0191604729,-98.2614687153,0,0.0,5,2.0,1.0,3.0,1.0,60.0,2.0,2.0,1.0,7.0,3.0,10.0,no,no,no
63,19.0190071087,-98.2616333682,1,0.0,4,2.0,1.0,3.0,1.0,60.0,2.0,2.0,1.0,7.0,3.0,10.0,no,yes,no
64,19.0190484525,-98.2616229511,0,10.0,7,2.0,1.0,3.0,1.0,60.0,2.0,2.0,1.0,7.0,3.0,10.0,no,no,yes
65,19.0007066226,-98.2721763477,5,0.0,2,2.0,1.0,3.0,1.0,60.0,2.0,2.0,1.0,7.0,3.0,10.0,no,yes,yes
66,18.999638748,-98.2729109918,5,1.0,2,2.0,2.0,20.0,1.0,60.0,2.0,1.0,1.0,4.0,1.0,10.0,no,no,yes
67,19.0554836039,-98.2304564084,0,2.0,12,4.0,4.0,10.0,1.0,60.0,2.0,20.0,2.0,4.0,1.0,10.0,yes,no,yes
68,19.0554860833,-98.2304425738,0,0.0,12,4.0,4.0,2.0,1.0,60.0,2.0,20.0,2.0,4.0,1.0,10.0,no,no,no
69,19.0175763234,-98.2195876166,1,1.0,1,0.0,0.0,0.0,1.0,60.0,2.0,20.0,2.0,4.0,1.0,10.0,no,yes,yes
70,19.0212249976,-98.2170532644,1,0.0,1,1.0,1.0,0.0,1.0,60.0,2.0,20.0,2.0,4.0,1.0,0.0,yes,yes,no
71,19.0211863273,-98.2139526308,8,4.0,1,20.0,0.0,0.0,1.0,60.0,2.0,0.0,2.0,4.0,1.0,10.0,yes,yes,yes
72,19.0205935934,-98.2183564827,1,0.0,1,1.0,1.0,3.0,3.0,60.0,2.0,0.0,2.0,5.0,1.0,0.0,no,no,no
73,19.016879608,-98.2157879323,1,3.0,8,1.0,1.0,6.0,3.0,60.0,2.0,2.0,2.0,3.0,3.0,350.0,no,yes,yes
74,19.0206176832,-98.2140153274,1,0.0,2,1.0,1.0,4.0,3.0,60.0,2.0,2.0,1.0,3.0,2.0,0.0,no,no,no
75,19.0192537535,-98.2186659425,1,17.0,26,2.0,2.0,5.0,3.0,60.0,2.0,2.0,1.0,3.0,7.0,250.0,yes,no,yes
76,19.0201577584,-98.2179011777,0,0.0,4,3.0,4.0,2.0,5.0,60.0,2.0,2.0,1.0,4.0,3.0,0.0,yes,no,no
77,19.0191208,-98.2616644,0,0.0,5,2.0,2.0,0.0,1.0,60.0,2.0,2.0,1.0,3.0,2.0,0.0,no,no,no
78,19.0203597306,-98.2609585696,2,0.0,2,2.0,2.0,0.0,1.0,60.0,2.0,2.0,1.0,3.0,2.0,0.0,no,yes,no
79,19.0204461795,-98.2608458016,1,1.0,0,2.0,2.0,0.0,1.0,60.0,2.0,2.0,1.0,3.0,2.0,0.0,no,no,no
80,19.0208724879,-98.2606001469,1,2.0,0,2.0,2.0,0.0,1.0,60.0,2.0,2.0,1.0,3.0,2.0,0.0,no,yes,no
81,19.0209452199,-98.2605784075,0,0.0,2,2.0,2.0,0.0,1.0,60.0,2.0,2.0,1.0,3.0,2.0,0.0,yes,no,yes
82,19.0209774418,-98.2605286412,1,2.0,0,2.0,0.0,2.0,1.0,60.0,2.0,2.0,1.0,3.0,1.0,20.0,no,no,no
83,19.0214055304,-98.2602818815,5,2.0,0,2.0,0.0,2.0,1.0,60.0,2.0,2.0,1.0,3.0,1.0,20.0,no,no,no
84,19.0213756363,-98.2603025206,1,0.0,0,2.0,0.0,2.0,1.0,60.0,2.0,2.0,1.0,3.0,1.0,20.0,no,no,no
85,19.0215045647,-98.2603047848,0,0.0,4,2.0,0.0,2.0,1.0,60.0,2.0,2.0,1.0,3.0,1.0,20.0,no,no,no
86,19.0207517033,-98.2606833209,1,0.0,0,2.0,0.0,2.0,1.0,60.0,2.0,2.0,1.0,3.0,1.0,20.0,no,no,no
87,19.0205303111,-98.2608489427,2,3.0,4,2.0,0.0,2.0,1.0,60.0,2.0,2.0,1.0,3.0,1.0,20.0,no,yes,yes
88,19.0199264096,-98.261168105,2,1.0,0,2.0,0.0,2.0,1.0,60.0,2.0,2.0,1.0,3.0,1.0,20.0,no,no,no
89,19.01967339,-98.2613383399,1,0.0,3,2.0,0.0,2.0,1.0,60.0,2.0,2.0,1.0,3.0,1.0,20.0,no,yes,no
90,19.0305087704,-98.2498295233,0,1.0,0,2.0,0.0,2.0,1.0,60.0,2.0,2.0,1.0,3.0,1.0,20.0,no,no,yes
91,19.0205671,-98.2608038,0,0.0,2,5.0,1.0,2.0,1.0,60.0,2.0,3.0,2.0,1.0,1.0,1.0,no,no,no
92,19.0203285,-98.2611121,1,0.0,3,1.0,1.0,4.0,1.0,60.0,2.0,3.0,2.0,1.0,3.0,2.0,no,no,no
93,19.0196007,-98.2614382,18,4.0,20,4.0,4.0,15.0,0.0,60.0,0.0,3.0,2.0,1.0,3.0,50.0,no,no,yes
94,19.0199195,-98.2612361,3,0.0,2,2.0,2.0,0.0,1.0,60.0,0.0,3.0,2.0,1.0,1.0,15.0,no,no,no
95,19.0199327,-98.2611435,0,0.0,3,2.0,2.0,0.0,1.0,60.0,0.0,3.0,2.0,1.0,1.0,15.0,no,no,no
96,19.0200161,-98.2612104,0,0.0,3,3.0,3.0,2.0,1.0,60.0,0.0,3.0,2.0,1.0,2.0,35.0,no,no,no
97,19.0204557,-98.2609145,1,3.0,20,3.0,3.0,2.0,1.0,60.0,0.0,3.0,2.0,1.0,2.0,35.0,no,yes,yes
98,19.0231551,-98.2593998,5,0.0,10,3.0,3.0,2.0,1.0,60.0,0.0,3.0,2.0,1.0,2.0,35.0,no,no,no
99,19.0190797,-98.2618108,3,6.0,17,2.0,2.0,10.0,1.0,60.0,0.0,3.0,2.0,1.0,3.0,70.0,no,no,yes
100,19.0264615657,-98.2496625558,2,1.0,8,1.0,1.0,2.0,1.0,60.0,0.0,3.0,2.0,3.0,2.0,10.0,yes,no,yes
101,19.0266720266,-98.2498831674,1,1.0,1,5.0,0.0,3.0,1.0,60.0,0.0,5.0,1.0,3.0,1.0,30.0,no,no,yes
102,19.0256444424,-98.2498637214,5,1.0,0,3.0,0.0,3.0,2.0,60.0,0.0,5.0,1.0,3.0,2.0,20.0,no,no,yes
103,19.0275224253,-98.2492129505,1,0.0,4,2.0,2.0,4.0,1.0,60.0,0.0,5.0,2.0,4.0,2.0,0.0,yes,no,no
104,19.0178438,-98.240939,2,0.0,0,3.0,2.0,0.0,1.0,60.0,0.0,5.0,2.0,4.0,2.0,0.0,no,no,no
105,19.0178378,-98.2409463,1,0.0,0,1.0,1.0,1.0,0.0,60.0,0.0,5.0,2.0,4.0,2.0,0.0,no,no,no
106,19.0602837067,-98.2176778838,6,2.0,22,45.0,45.0,0.0,0.0,60.0,0.0,5.0,2.0,4.0,1.0,0.0,no,no,yes
107,19.0178378,-98.2409463,0,2.0,2,2.0,2.0,3.0,2.0,1.0,1.0,5.0,2.0,1.0,2.0,50.0,no,no,yes
108,19.0269731373,-98.2493839413,0,3.0,2,4.0,5.0,2.0,1.0,1.0,1.0,5.0,3.0,7.0,2.0,5.0,no,no,yes
109,19.0178755,-98.2409087,5,1.0,0,1.0,2.0,4.0,1.0,1.0,1.0,6.0,1.0,5.0,2.0,100.0,no,no,yes
110,19.061342245,-98.3056541719,3,2.0,2,2.0,10.0,2.0,1.0,1.0,1.0,1.0,3.0,5.0,4.0,2.0,no,no,yes
111,19.0607875306,-98.3043719922,2,3.0,0,2.0,10.0,2.0,1.0,1.0,1.0,1.0,3.0,5.0,4.0,2.0,no,no,yes
112,19.0606652387,-98.3041773644,0,4.0,2,2.0,10.0,2.0,1.0,1.0,1.0,1.0,3.0,5.0,4.0,2.0,no,no,yes
113,19.0575527447,-98.305028882,6,2.0,2,2.0,10.0,2.0,1.0,1.0,1.0,1.0,3.0,5.0,4.0,2.0,no,no,yes
114,18.9994284396,-98.2730541006,2,6.0,30,2.0,10.0,2.0,1.0,1.0,1.0,1.0,3.0,5.0,4.0,2.0,no,no,no
115,18.9992848336,-98.273153007,2,6.0,25,2.0,10.0,2.0,1.0,1.0,1.0,1.0,3.0,5.0,4.0,2.0,no,no,no
116,18.9990511962,-98.2732485607,2,6.0,20,2.0,10.0,2.0,1.0,1.0,1.0,1.0,3.0,5.0,4.0,2.0,no,no,no
117,18.9990099847,-98.2736978307,2,6.0,40,2.0,10.0,2.0,1.0,1.0,1.0,1.0,3.0,5.0,4.0,2.0,no,no,no
118,18.9990226652,-98.2737645507,2,6.0,100,2.0,15.0,4.0,1.0,1.0,1.0,1.0,3.0,5.0,4.0,50.0,no,no,no
119,18.9990889206,-98.2738128304,2,6.0,5,3.0,7.0,2.0,1.0,1.0,1.0,1.0,3.0,5.0,2.0,10.0,no,no,no
120,18.9991462997,-98.2739110664,2,6.0,2,2.0,15.0,2.0,3.0,1.0,1.0,1.0,3.0,5.0,2.0,10.0,no,no,no
121,18.9990860675,-98.2738131657,2,6.0,1,2.0,10.0,5.0,0.0,1.0,1.0,1.0,3.0,5.0,2.0,10.0,no,no,no
122,18.9991871941,-98.2739938796,1,3.0,10,2.0,10.0,5.0,0.0,1.0,1.0,10.0,3.0,2.0,2.0,10.0,no,no,no
123,19.0439654034,-98.2013790035,1,3.0,3,2.0,10.0,5.0,0.0,1.0,1.0,10.0,3.0,2.0,2.0,10.0,no,yes,yes
124,19.0439749111,-98.2016961782,2,0.0,0,0.0,0.0,10.0,0.0,1.0,1.0,0.0,4.0,3.0,1.0,0.0,no,yes,yes
125,19.0432999683,-98.1964474585,2,0.0,0,0.0,0.0,10.0,0.0,1.0,1.0,0.0,4.0,3.0,1.0,0.0,no,yes,no
126,19.0405699102,-98.197072078,1,0.0,0,0.0,0.0,10.0,0.0,1.0,1.0,0.0,4.0,3.0,1.0,0.0,no,yes,no
127,19.0436743967,-98.201134218,3,2.0,3,10.0,14.0,3.0,0.0,1.0,1.0,0.0,4.0,3.0,3.0,30.0,no,no,yes
128,19.0440017492,-98.2009122091,2,1.0,6,10.0,14.0,3.0,0.0,1.0,1.0,0.0,4.0,3.0,3.0,30.0,no,no,yes
129,19.0439195986,-98.2014716097,0,2.0,2,10.0,14.0,3.0,0.0,1.0,1.0,0.0,4.0,3.0,3.0,30.0,no,no,yes
130,19.043971536,-98.2013931652,3,2.0,2,10.0,14.0,3.0,0.0,1.0,1.0,0.0,4.0,3.0,3.0,30.0,no,no,yes
131,19.0439668372,-98.2017912559,6,4.0,3,10.0,14.0,3.0,0.0,1.0,1.0,0.0,4.0,3.0,3.0,30.0,no,no,yes
132,19.016819,-98.220304,1,0.0,6,0.0,1.0,1.0,2.0,1.0,1.0,4.0,0.0,7.0,1.0,0.0,yes,yes,no
133,19.017336,-98.218743,1,0.0,0,2.0,2.0,0.0,1.0,1.0,1.0,4.0,0.0,7.0,1.0,0.0,yes,yes,no
134,19.021045,-98.217676,1,2.0,2,3.0,8.0,5.0,1.0,1.0,1.0,2.0,0.0,7.0,2.0,32.0,yes,no,yes
135,19.0417481554,-98.2212818134,1,1.0,1,2.0,3.0,4.0,1.0,1.0,1.0,3.0,0.0,4.0,2.0,10.0,no,no,yes
136,19.043657456,-98.2201838104,0,0.0,4,2.0,3.0,2.0,1.0,1.0,1.0,3.0,1.0,4.0,1.0,0.0,no,yes,no
137,19.0422878913,-98.2208330434,0,1.0,3,0.0,0.0,6.0,1.0,1.0,1.0,3.0,1.0,4.0,4.0,8.0,no,yes,yes
138,19.0434214009,-98.2203685488,0,0.0,1,1.0,2.0,1.0,1.0,1.0,1.0,3.0,0.0,4.0,1.0,0.0,no,no,no
139,19.0421551917,-98.2210026026,2,3.0,7,1.0,0.0,4.0,1.0,1.0,1.0,3.0,0.0,4.0,4.0,2.0,no,no,no
140,19.0444061161,-98.2199920198,0,0.0,0,1.0,2.0,2.0,1.0,1.0,1.0,8.0,1.0,4.0,1.0,0.0,yes,yes,no
141,19.0423835489,-98.2208322113,0,1.0,4,0.0,0.0,6.0,1.0,1.0,1.0,8.0,1.0,4.0,2.0,2.0,no,yes,yes
142,19.0414639052,-98.2214231845,2,1.0,0,3.0,2.0,3.0,1.0,1.0,1.0,8.0,1.0,1.0,2.0,3.0,no,no,yes
143,19.0409686264,-98.2214876029,0,0.0,4,1.0,2.0,0.0,1.0,1.0,1.0,8.0,1.0,4.0,1.0,0.0,no,no,no
144,19.0418224803,-98.2212611005,1,2.0,1,2.0,2.0,5.0,1.0,1.0,1.0,8.0,1.0,4.0,1.0,5.0,no,no,yes
145,19.0412258711,-98.2215140911,0,0.0,0,2.0,3.0,1.0,1.0,1.0,1.0,8.0,2.0,4.0,1.0,0.0,no,no,no
146,19.0425855673,-98.2208079954,0,0.0,2,2.0,1.0,4.0,1.0,1.0,1.0,8.0,2.0,4.0,1.0,0.0,no,yes,no
147,19.047949164,-98.2153495819,0,0.0,3,0.0,0.0,3.0,1.0,1.0,1.0,8.0,2.0,4.0,1.0,4.0,yes,yes,no
148,19.0408630157,-98.2218344306,3,2.0,2,2.0,2.0,8.0,1.0,1.0,1.0,10.0,2.0,1.0,1.0,3.0,no,no,yes
149,19.0472081696,-98.2164242172,3,1.0,1,2.0,3.0,10.0,1.0,1.0,1.0,10.0,1.0,1.0,2.0,6.0,no,no,yes
150,19.0427704402,-98.2207813901,0,0.0,3,1.0,2.0,2.0,1.0,1.0,1.0,5.0,1.0,1.0,2.0,0.0,yes,no,no
151,19.0416289221,-98.2213921543,1,1.0,1,1.0,2.0,3.0,1.0,1.0,1.0,12.0,1.0,1.0,2.0,3.0,no,no,yes
152,19.0427882818,-98.2206806336,0,1.0,1,1.0,2.0,0.0,1.0,1.0,1.0,12.0,1.0,2.0,4.0,4.0,no,yes,yes
153,19.0477661292,-98.2161757466,8,3.0,10,3.0,3.0,5.0,1.0,1.0,1.0,12.0,3.0,2.0,7.0,4.0,no,yes,no
154,19.0434835111,-98.2203426225,2,2.0,2,4.0,3.0,3.0,1.0,1.0,1.0,7.0,2.0,7.0,1.0,10.0,yes,no,yes
155,19.0192903,-98.2148591,3,2.0,2,0.0,0.0,3.0,1.0,1.0,1.0,7.0,0.0,7.0,2.0,0.0,yes,yes,yes
156,19.0195832,-98.2161905,2,1.0,2,0.0,0.0,3.0,1.0,1.0,1.0,7.0,0.0,7.0,2.0,0.0,yes,no,yes
157,19.018353,-98.215619,2,4.0,8,0.0,0.0,3.0,1.0,1.0,1.0,7.0,0.0,7.0,2.0,0.0,no,yes,yes
158,19.0103033,-98.2306476,0,0.0,3,2.0,2.0,5.0,1.0,1.0,1.0,8.0,2.0,1.0,7.0,0.0,yes,no,no
159,19.0106729,-98.2305224,1,0.0,3,2.0,2.0,5.0,1.0,1.0,1.0,8.0,2.0,1.0,7.0,0.0,no,yes,no
160,19.0114334,-98.2302237,1,0.0,3,2.0,2.0,5.0,1.0,1.0,1.0,8.0,2.0,1.0,7.0,0.0,no,no,no
161,19.0107948,-98.2300894,0,7.0,6,0.0,0.0,30.0,1.0,1.0,1.0,8.0,2.0,1.0,5.0,0.0,no,yes,yes
162,19.0106881,-98.2304922,1,7.0,4,0.0,0.0,30.0,1.0,1.0,1.0,8.0,2.0,1.0,5.0,0.0,no,no,yes
163,19.0102935,-98.2308249,0,5.0,2,1.0,1.0,1.0,0.0,1.0,1.0,8.0,5.0,1.0,1.0,0.0,yes,no,no
164,19.0159207,-98.2209671,3,4.0,2,3.0,3.0,0.0,0.0,1.0,1.0,8.0,4.0,7.0,3.0,20.0,yes,no,yes
165,19.019569042,-98.2614175604,2,2.0,0,7.0,6.0,4.0,0.0,1.0,1.0,5.0,2.0,4.0,3.0,7.0,no,no,no
166,19.0414927218,-98.2003207399,1,0.0,9,0.0,0.0,3.0,1.0,1.0,1.0,0.0,1.0,4.0,1.0,0.0,no,yes,no
167,19.041503,-98.2003333,0,2.0,1,0.0,0.0,3.0,1.0,1.0,1.0,0.0,1.0,4.0,1.0,0.0,yes,no,yes
168,19.0438759488,-98.2013914007,3,0.0,2,0.0,0.0,3.0,1.0,1.0,1.0,0.0,1.0,4.0,1.0,0.0,yes,yes,no
169,19.0423925413,-98.2018976699,0,0.0,5,0.0,0.0,3.0,1.0,1.0,1.0,0.0,1.0,4.0,1.0,0.0,no,no,no
170,19.0121742,-98.2297258,2,1.0,6,0.0,0.0,1.0,1.0,1.0,1.0,0.0,1.0,4.0,1.0,8.0,no,no,yes
171,19.0424503,-98.2019508,0,1.0,1,2.0,2.0,5.0,1.0,1.0,1.0,0.0,2.0,4.0,1.0,20.0,no,no,yes
172,19.0427317,-98.2016699,0,0.0,1,2.0,2.0,5.0,1.0,1.0,1.0,0.0,2.0,4.0,1.0,20.0,yes,yes,no
173,19.0426751556,-98.2017253469,1,0.0,9,3.0,2.0,7.0,1.0,1.0,1.0,0.0,2.0,7.0,1.0,20.0,no,no,no
174,19.0431784291,-98.2014118247,1,0.0,2,3.0,2.0,7.0,1.0,1.0,1.0,0.0,2.0,7.0,1.0,20.0,no,no,no
175,19.0430496,-98.2013908,1,1.0,9,3.0,2.0,7.0,1.0,1.0,1.0,0.0,2.0,7.0,1.0,20.0,yes,no,yes
176,19.0435767,-98.2011271,4,2.0,0,3.0,2.0,7.0,1.0,1.0,1.0,0.0,2.0,7.0,1.0,20.0,yes,no,yes
177,19.0435877761,-98.2011279886,2,3.0,8,3.0,2.0,7.0,1.0,1.0,1.0,0.0,2.0,7.0,1.0,20.0,no,yes,yes
178,19.0441616051,-98.2007679793,0,0.0,5,3.0,2.0,7.0,1.0,1.0,1.0,0.0,2.0,7.0,1.0,20.0,yes,no,no
179,19.0441521,-98.2008391,5,0.0,1,3.0,2.0,7.0,1.0,1.0,1.0,0.0,2.0,7.0,1.0,20.0,yes,yes,no
180,19.0441313,-98.2009338,8,4.0,1,3.0,2.0,7.0,1.0,1.0,1.0,0.0,2.0,7.0,1.0,20.0,no,yes,yes
181,19.0404378467,-98.1950839683,0,0.0,4,3.0,2.0,7.0,1.0,1.0,1.0,0.0,2.0,7.0,1.0,20.0,yes,no,no
182,19.0404313774,-98.1951555677,0,0.0,5,5.0,5.0,7.0,1.0,1.0,1.0,0.0,2.0,2.0,1.0,20.0,yes,yes,no
183,19.0028015464,-98.2708312304,1,5.0,10,1.0,1.0,5.0,1.0,1.0,1.0,0.0,2.0,2.0,1.0,20.0,no,yes,yes
184,19.0023319284,-98.2706085966,2,0.0,1,4.0,4.0,5.0,1.0,1.0,1.0,3.0,1.0,2.0,1.0,0.0,no,no,no
185,19.0471274,-98.1985066,3,0.0,5,1.0,1.0,8.0,1.0,1.0,1.0,3.0,1.0,2.0,1.0,0.0,yes,yes,no
186,19.0470325,-98.1985307,0,0.0,2,0.0,0.0,0.0,1.0,1.0,1.0,3.0,1.0,2.0,1.0,0.0,no,no,no
187,19.0469853,-98.1988337,2,0.0,5,3.0,3.0,4.0,1.0,1.0,1.0,3.0,1.0,2.0,1.0,0.0,no,yes,no
188,19.0467995,-98.1976969,0,0.0,3,1.0,1.0,12.0,1.0,1.0,1.0,3.0,1.0,2.0,2.0,0.0,no,no,no
189,19.0466223,-98.197401,6,1.0,8,6.0,6.0,1.0,1.0,1.0,1.0,3.0,1.0,2.0,2.0,100.0,no,yes,yes
190,19.0461769,-98.1978311,0,0.0,7,2.0,2.0,3.0,1.0,1.0,1.0,3.0,7.0,2.0,1.0,0.0,no,no,no
191,19.0450819,-98.1951568,1,0.0,5,2.0,2.0,10.0,1.0,1.0,1.0,3.0,7.0,4.0,1.0,0.0,yes,yes,yes
192,19.0190596359,-98.2616267691,0,0.0,3,2.0,2.0,1.0,1.0,1.0,1.0,3.0,7.0,4.0,2.0,0.0,no,no,no
193,19.0221965558,-98.2609179714,0,0.0,8,3.0,2.0,1.0,1.0,1.0,1.0,3.0,7.0,4.0,1.0,0.0,no,no,no
194,19.022357996,-98.2611790224,1,1.0,0,3.0,2.0,2.0,2.0,1.0,1.0,3.0,7.0,4.0,2.0,20.0,no,no,no
195,19.0223481601,-98.2611514298,4,2.0,0,3.0,2.0,2.0,2.0,1.0,1.0,3.0,7.0,4.0,2.0,20.0,no,yes,yes
196,19.0221858871,-98.2608469657,0,0.0,3,3.0,2.0,2.0,2.0,1.0,1.0,3.0,7.0,4.0,2.0,20.0,no,no,no
197,19.0463846914,-98.2025966177,3,7.0,150,0.0,0.0,3.0,2.0,1.0,1.0,3.0,7.0,4.0,2.0,20.0,no,no,yes
198,19.0195186834,-98.2613671027,0,0.0,3,1.0,2.0,0.0,2.0,1.0,1.0,3.0,0.0,4.0,2.0,0.0,no,yes,no
199,19.019030961,-98.2617494518,12,2.0,0,2.0,2.0,2.0,2.0,1.0,1.0,3.0,0.0,5.0,1.0,0.0,yes,no,no
200,19.0193617107,-98.2614588435,0,1.0,0,2.0,2.0,2.0,2.0,1.0,1.0,3.0,0.0,5.0,1.0,0.0,yes,no,no
201,19.0194068872,-98.2613777385,3,5.0,7,2.0,2.0,2.0,2.0,1.0,1.0,3.0,0.0,5.0,1.0,0.0,no,yes,yes
202,19.0221703287,-98.2607611412,0,0.0,3,2.0,2.0,2.0,2.0,1.0,1.0,3.0,0.0,5.0,1.0,0.0,no,no,no
203,19.0610174,-98.3051074,2,0.0,6,2.0,3.0,10.0,2.0,1.0,1.0,3.0,0.0,5.0,3.0,15.0,no,no,no
204,19.0655096,-98.3086783,3,3.0,4,2.0,3.0,10.0,2.0,1.0,1.0,3.0,0.0,5.0,3.0,15.0,no,no,yes
205,19.0598231624,-98.2279999045,1,2.0,1,2.0,2.0,2.0,2.0,1.0,1.0,3.0,2.0,1.0,1.0,30.0,no,no,yes
206,19.0591455329,-98.2282225756,0,0.0,6,2.0,2.0,0.0,0.0,15.0,0.0,3.0,1.0,1.0,1.0,30.0,yes,no,yes
207,19.0590865715,-98.2283046619,0,1.0,1,1.0,1.0,10.0,0.0,8.0,0.0,3.0,1.0,1.0,1.0,0.0,no,no,no
208,19.0424679,-98.1939337,1,0.0,12,1.0,1.0,10.0,0.0,8.0,0.0,3.0,1.0,1.0,1.0,0.0,no,no,no
209,19.0427938182,-98.1938023854,1,5.0,5,2.0,0.0,1.0,0.0,30.0,5.0,15.0,1.0,1.0,1.0,0.0,no,no,no
210,19.0431192,-98.1941676,2,1.0,85,2.0,0.0,1.0,0.0,30.0,5.0,15.0,1.0,1.0,1.0,0.0,yes,no,no
211,19.0590423645,-98.2282854449,0,0.0,0,1.0,1.0,5.0,1.0,30.0,5.0,35.0,2.0,3.0,1.0,0.0,yes,no,no
212,19.0586136382,-98.2287490873,0,2.0,3,3.0,3.0,12.0,1.0,30.0,5.0,35.0,2.0,3.0,1.0,0.0,no,yes,yes
213,19.0573487533,-98.2293976743,0,1.0,0,2.0,2.0,12.0,1.0,30.0,5.0,35.0,1.0,3.0,1.0,0.0,yes,no,yes
214,19.0558361634,-98.2303502153,0,0.0,0,2.0,2.0,5.0,1.0,30.0,5.0,35.0,13.0,3.0,1.0,0.0,no,no,no
215,19.055863119,-98.230677583,0,0.0,1,1.0,1.0,2.0,1.0,15.0,5.0,35.0,13.0,3.0,1.0,0.0,no,no,no
216,19.0556677718,-98.2313582221,0,0.0,2,1.0,1.0,2.0,1.0,15.0,5.0,35.0,13.0,3.0,1.0,0.0,yes,no,no
217,19.0556574771,-98.2315404416,0,1.0,1,1.0,1.0,6.0,1.0,15.0,5.0,35.0,13.0,3.0,1.0,0.0,no,yes,yes
218,19.0556382359,-98.2317552502,1,1.0,2,3.0,3.0,5.0,1.0,15.0,5.0,35.0,1.0,3.0,1.0,0.0,no,no,yes
219,19.0540263921,-98.2335245252,0,0.0,1,1.0,1.0,5.0,1.0,15.0,5.0,35.0,1.0,3.0,1.0,0.0,yes,no,no
220,19.0453610939,-98.2044006139,0,1.0,5,2.0,2.0,6.0,1.0,15.0,5.0,35.0,1.0,2.0,1.0,1.0,no,yes,no
221,19.0534768766,-98.2339912229,0,2.0,4,1.0,1.0,3.0,1.0,15.0,5.0,35.0,2.0,2.0,4.0,15.0,no,yes,yes
222,19.0530025753,-98.23418697,1,2.0,6,2.0,2.0,0.0,1.0,15.0,5.0,35.0,2.0,2.0,4.0,120.0,no,yes,yes
223,19.0517515101,-98.2369445793,2,5.0,24,4.0,4.0,5.0,1.0,8.0,5.0,35.0,5.0,2.0,4.0,80.0,no,no,yes
224,19.0519077066,-98.2374751935,0,0.0,1,1.0,1.0,4.0,1.0,8.0,5.0,35.0,2.0,2.0,4.0,1.0,no,no,no
225,19.0521438208,-98.2377795464,0,0.0,7,1.0,1.0,5.0,1.0,8.0,5.0,35.0,2.0,2.0,7.0,0.0,yes,no,no
226,19.05838924,-98.2364430474,0,5.0,15,1.0,1.0,3.0,1.0,8.0,5.0,35.0,2.0,2.0,7.0,80.0,no,no,yes
227,19.0464189805,-98.1935591251,1,3.0,24,2.0,2.0,3.0,1.0,8.0,5.0,35.0,2.0,2.0,7.0,18.0,no,no,yes
228,19.0433148763,-98.2042986345,4,5.0,60,0.0,2.0,5.0,1.0,8.0,5.0,35.0,2.0,7.0,2.0,2.0,no,no,no
229,19.0443548594,-98.2001744583,2,2.0,13,1.0,2.0,4.0,1.0,8.0,5.0,35.0,2.0,3.0,1.0,0.0,no,yes,no
230,19.0456581533,-98.2050614545,4,2.0,35,0.0,0.0,5.0,0.0,8.0,5.0,72.0,2.0,3.0,1.0,1.0,no,no,no
231,19.0474743249,-98.2048069686,7,12.0,90,3.0,2.0,4.0,0.0,8.0,5.0,72.0,1.0,3.0,6.0,1.0,no,no,no
232,19.048723299,-98.1999736279,1,1.0,51,2.0,3.0,0.0,3.0,8.0,5.0,7.0,1.0,3.0,1.0,2.0,no,no,no
233,19.0306472782,-98.250008896,3,5.0,9,2.0,2.0,2.0,3.0,8.0,5.0,7.0,1.0,3.0,3.0,4.0,yes,no,yes
234,19.0305021145,-98.2500025257,2,1.0,1,2.0,1.0,2.0,3.0,8.0,5.0,7.0,1.0,3.0,6.0,8.0,no,yes,yes
235,19.0271398573,-98.2499746978,1,2.0,4,0.0,0.0,2.0,3.0,8.0,5.0,7.0,1.0,3.0,1.0,0.0,yes,no,no
236,19.0262251138,-98.249852322,2,2.0,4,2.0,0.0,7.0,3.0,8.0,5.0,7.0,1.0,3.0,2.0,5.0,yes,no,yes
237,19.0256446,-98.2498636,1,9.0,12,1.0,0.0,5.0,3.0,8.0,5.0,7.0,0.0,3.0,2.0,15.0,no,yes,yes
238,19.0258304984,-98.2499710098,3,6.0,8,0.0,0.0,6.0,3.0,8.0,5.0,7.0,0.0,7.0,6.0,0.0,no,yes,no
239,19.0254545827,-98.2499750331,1,0.0,10,0.0,0.0,1.0,3.0,8.0,5.0,7.0,0.0,7.0,3.0,0.0,yes,no,no
240,19.0264402,-98.2503433,0,6.0,14,0.0,0.0,3.0,3.0,8.0,5.0,7.0,0.0,7.0,1.0,0.0,no,no,yes
241,19.0345027,-98.2633147,1,1.0,1,0.0,0.0,8.0,3.0,8.0,5.0,7.0,0.0,7.0,2.0,2.0,no,no,no
242,19.0344146,-98.2632294,2,1.0,1,0.0,0.0,8.0,3.0,8.0,5.0,7.0,0.0,7.0,2.0,2.0,no,no,no
243,19.0357478,-98.26257,0,1.0,1,0.0,0.0,8.0,3.0,8.0,5.0,7.0,0.0,7.0,2.0,2.0,no,no,no
244,19.0356653,-98.2625778,1,1.0,1,0.0,0.0,8.0,3.0,8.0,5.0,7.0,0.0,7.0,2.0,2.0,no,no,no
245,19.0365369,-98.2627914,1,1.0,1,1.0,0.0,2.0,3.0,2.0,3.0,7.0,1.0,2.0,2.0,4.0,no,no,yes
246,19.0364042,-98.2625062,3,1.0,1,1.0,0.0,2.0,3.0,2.0,3.0,7.0,1.0,2.0,2.0,4.0,no,no,no
247,19.0351049,-98.266565,0,0.0,0,1.0,0.0,1.0,1.0,4.0,0.0,5.0,1.0,1.0,1.0,1.0,yes,yes,no
248,19.0354461,-98.2674482,0,1.0,1,0.0,0.0,2.0,1.0,15.0,4.0,0.0,1.0,4.0,1.0,1.0,yes,yes,no
249,19.03576,-98.2625137,0,0.0,10,1.0,2.0,0.0,1.0,1.0,2.0,0.0,4.0,4.0,1.0,0.0,no,yes,no
250,19.0357416,-98.2625597,2,2.0,2,2.0,2.0,2.0,1.0,2.0,0.0,0.0,4.0,2.0,7.0,30.0,no,yes,no
251,19.0343891,-98.2632861,1,2.0,6,2.0,2.0,2.0,1.0,2.0,0.0,0.0,4.0,2.0,7.0,30.0,no,yes,yes
252,19.0344748,-98.2636253,3,3.0,2,2.0,2.0,2.0,1.0,2.0,0.0,0.0,4.0,2.0,7.0,30.0,yes,yes,yes
253,19.0345077,-98.2640986,0,2.0,1,2.0,2.0,2.0,1.0,2.0,0.0,0.0,4.0,2.0,7.0,30.0,no,yes,no
254,19.0645749355,-98.3094339074,0,2.0,3,2.0,2.0,2.0,1.0,2.0,0.0,0.0,4.0,2.0,7.0,30.0,no,no,yes
255,19.0631747316,-98.3097427962,0,0.0,3,2.0,2.0,2.0,1.0,2.0,0.0,0.0,4.0,2.0,7.0,30.0,no,yes,no
256,19.0219676841,-98.2604196284,0,2.0,4,2.0,2.0,2.0,1.0,2.0,0.0,0.0,4.0,2.0,7.0,30.0,no,no,yes
257,19.0219595372,-98.2604812409,4,4.0,7,2.0,2.0,2.0,1.0,2.0,0.0,0.0,4.0,2.0,7.0,30.0,no,no,yes
258,19.0655711,-98.3089021,1,0.0,4,5.0,4.0,10.0,1.0,2.0,0.0,0.0,6.0,5.0,7.0,30.0,no,no,no
259,19.0635518,-98.3098178,1,0.0,8,5.0,4.0,10.0,1.0,2.0,0.0,0.0,6.0,5.0,7.0,30.0,no,yes,no
260,19.01936465,-98.2614367353,2,0.0,0,4.0,4.0,10.0,1.0,2.0,0.0,0.0,6.0,5.0,7.0,30.0,no,yes,no
261,19.0625932,-98.3097362,3,6.0,6,4.0,4.0,10.0,1.0,2.0,0.0,0.0,6.0,5.0,7.0,30.0,no,yes,yes
262,19.0621154,-98.3088068,1,2.0,4,4.0,6.0,10.0,1.0,7.0,1.0,0.0,0.0,4.0,7.0,0.0,no,no,no
263,19.0632677,-98.3099391,5,2.0,4,4.0,56.0,3.0,0.0,7.0,1.0,0.0,1.0,4.0,7.0,15.0,no,yes,yes
264,19.0192985444,-98.2614980296,0,2.0,0,2.0,2.0,3.0,0.0,7.0,1.0,20.0,2.0,4.0,2.0,20.0,no,no,no
265,19.0190156807,-98.2617294714,0,0.0,6,2.0,2.0,3.0,0.0,7.0,1.0,20.0,2.0,4.0,2.0,20.0,yes,no,no
266,19.0190394387,-98.2616849252,0,1.0,0,2.0,2.0,3.0,0.0,7.0,1.0,20.0,2.0,4.0,2.0,20.0,no,no,no
267,19.0205730464,-98.2608414638,0,2.0,0,2.0,2.0,3.0,0.0,7.0,1.0,20.0,2.0,4.0,2.0,20.0,no,no,no
268,19.0202976725,-98.2610320379,0,0.0,5,2.0,2.0,3.0,0.0,7.0,1.0,20.0,2.0,4.0,2.0,20.0,no,yes,no
269,19.0315554,-98.2500527,3,2.0,0,2.0,2.0,3.0,0.0,7.0,1.0,20.0,2.0,4.0,2.0,20.0,no,no,yes
270,19.0327127063,-98.250840857,0,2.0,5,3.0,4.0,3.0,0.0,7.0,1.0,20.0,0.0,7.0,2.0,50.0,no,no,yes
271,19.0281671,-98.2480955,8,12.0,2,3.0,4.0,3.0,0.0,7.0,1.0,20.0,0.0,7.0,2.0,50.0,yes,no,yes
272,19.0264825,-98.2505692,5,4.0,2,0.0,0.0,10.0,0.0,7.0,1.0,3.0,2.0,7.0,2.0,4.0,yes,no,yes
273,19.0034907,-98.2668722,4,2.0,12,1.0,1.0,0.0,0.0,1.0,0.0,6.0,2.0,6.0,6.0,4.0,no,yes,yes
274,19.003467056,-98.2668469428,0,1.0,1,2.0,2.0,20.0,1.0,4.0,0.0,2.0,0.0,5.0,1.0,20.0,yes,yes,yes
275,19.003503467,-98.2669726946,0,3.0,4,16.0,16.0,20.0,1.0,4.0,0.0,2.0,3.0,5.0,1.0,20.0,yes,no,yes
276,18.9991161836,-98.2738825679,2,0.0,9,2.0,10.0,1.0,1.0,4.0,0.0,7.0,4.0,5.0,1.0,0.0,no,no,no
277,18.9996194585,-98.2749072008,0,0.0,12,2.0,2.0,0.0,1.0,4.0,0.0,7.0,4.0,5.0,2.0,0.0,no,yes,no
278,18.9993022692,-98.2749588042,2,1.0,1,2.0,6.0,2.0,1.0,4.0,0.0,7.0,4.0,5.0,2.0,0.0,yes,no,no
279,18.9996039122,-98.2745584846,0,3.0,7,5.0,5.0,1.0,1.0,4.0,0.0,7.0,4.0,5.0,7.0,100.0,no,yes,yes
280,18.9993469678,-98.2750382647,1,0.0,5,2.0,9.0,0.0,1.0,4.0,0.0,7.0,1.0,3.0,2.0,0.0,no,no,no
281,18.9992087509,-98.2736777142,0,0.0,6,5.0,5.0,2.0,1.0,4.0,0.0,7.0,1.0,2.0,1.0,0.0,no,yes,no
282,18.9995895163,-98.2748071882,1,0.0,10,1.0,7.0,0.0,2.0,4.0,0.0,1.0,1.0,2.0,2.0,0.0,no,no,no
283,19.0737175029,-98.1648537696,0,0.0,3,1.0,2.0,3.0,2.0,4.0,0.0,1.0,1.0,2.0,1.0,0.0,yes,yes,no
284,19.0716081,-98.1664491,0,0.0,7,2.0,3.0,5.0,0.0,4.0,0.0,2.0,1.0,4.0,2.0,4.0,no,no,no
285,19.041192564,-98.1968643793,0,1.0,2,2.0,3.0,5.0,0.0,4.0,0.0,2.0,1.0,4.0,2.0,4.0,yes,no,yes
286,19.0427621921,-98.1972279063,1,2.0,6,1.0,1.0,3.0,0.0,10.0,1.0,2.0,3.0,2.0,2.0,20.0,yes,no,yes
287,19.0430171891,-98.1976678678,2,3.0,6,1.0,1.0,3.0,0.0,10.0,1.0,2.0,3.0,2.0,2.0,20.0,no,no,yes
288,19.0429592526,-98.1975623346,0,0.0,3,1.0,1.0,3.0,0.0,10.0,1.0,2.0,0.0,4.0,1.0,4.0,no,yes,no
289,19.0427066583,-98.1937293694,1,1.0,0,1.0,1.0,3.0,0.0,10.0,1.0,2.0,0.0,4.0,1.0,4.0,yes,no,yes
290,19.0426603292,-98.1937278214,0,0.0,10,2.0,2.0,3.0,0.0,10.0,1.0,2.0,1.0,4.0,7.0,0.0,yes,no,no
291,19.0427712866,-98.193461125,0,0.0,2,2.0,2.0,3.0,0.0,10.0,1.0,2.0,1.0,4.0,7.0,0.0,no,no,no
292,19.0535362706,-98.233822273,2,0.0,4,2.0,2.0,3.0,0.0,10.0,1.0,2.0,1.0,4.0,7.0,0.0,yes,no,no
293,19.0535610353,-98.2341421351,0,4.0,8,1.0,1.0,4.0,0.0,10.0,1.0,2.0,1.0,4.0,7.0,60.0,no,yes,yes
294,19.058654656,-98.232299887,0,0.0,24,2.0,2.0,0.0,0.0,10.0,1.0,2.0,1.0,4.0,7.0,60.0,yes,no,no
295,19.0592929035,-98.2331576513,0,0.0,2,1.0,1.0,4.0,0.0,15.0,1.0,2.0,1.0,4.0,7.0,0.0,no,no,no
296,19.0595846029,-98.2338639604,0,0.0,16,0.0,0.0,0.0,1.0,15.0,1.0,2.0,1.0,4.0,7.0,0.0,yes,no,no
297,19.0595598862,-98.2340100497,0,1.0,2,1.0,1.0,2.0,1.0,30.0,1.0,2.0,1.0,4.0,7.0,40.0,no,no,yes
298,19.0590374022,-98.233027074,1,0.0,2,2.0,2.0,0.0,1.0,30.0,1.0,2.0,2.0,4.0,7.0,0.0,yes,yes,no
299,19.0607069876,-98.2298178552,0,2.0,12,0.0,0.0,6.0,1.0,7.0,1.0,2.0,2.0,4.0,7.0,45.0,yes,no,yes
300,19.0594737148,-98.2252770749,0,0.0,8,1.0,1.0,2.0,1.0,15.0,1.0,2.0,2.0,4.0,7.0,0.0,yes,no,no
301,19.0588832074,-98.2242125705,0,1.0,5,1.0,1.0,1.0,0.0,30.0,1.0,2.0,2.0,4.0,7.0,5.0,yes,no,no
302,19.0203363,-98.2609888,3,0.0,6,1.0,1.0,3.0,0.0,1.0,1.0,2.0,2.0,4.0,7.0,10.0,yes,yes,no
303,19.0204215,-98.2609604,2,0.0,3,2.0,4.0,4.0,0.0,1.0,1.0,2.0,2.0,4.0,2.0,2.0,no,yes,no
304,19.020395,-98.2608668,3,0.0,1,1.0,2.0,6.0,0.0,1.0,1.0,2.0,2.0,4.0,7.0,1.0,no,no,yes
305,19.0207622,-98.2607229,1,0.0,3,1.0,2.0,2.0,0.0,1.0,1.0,2.0,2.0,4.0,4.0,20.0,no,no,no
306,19.0208774,-98.2606615,0,0.0,4,1.0,1.0,6.0,0.0,15.0,0.0,2.0,2.0,4.0,1.0,0.0,yes,no,no
307,19.0210881,-98.260586,2,2.0,3,3.0,2.0,6.0,1.0,1.0,2.0,2.0,2.0,3.0,4.0,15.0,no,no,no
308,19.0213946,-98.2603816,1,1.0,1,1.0,0.0,0.0,1.0,30.0,7.0,2.0,0.0,3.0,7.0,1.0,no,yes,no
309,19.021461,-98.2602834,0,0.0,6,4.0,0.0,1.0,1.0,30.0,7.0,2.0,0.0,4.0,4.0,1.0,no,no,no
310,19.0449409657,-98.1944422847,2,6.0,75,0.0,0.0,2.0,1.0,30.0,7.0,2.0,0.0,3.0,7.0,2.0,no,yes,yes
311,19.0655137,-98.3127512,0,2.0,5,0.0,0.0,3.0,1.0,30.0,7.0,2.0,0.0,3.0,1.0,10.0,no,yes,no
312,19.0656707,-98.3109706,0,5.0,6,0.0,0.0,3.0,1.0,30.0,7.0,2.0,0.0,3.0,1.0,10.0,no,no,no
313,19.0638125,-98.3097669,3,5.0,6,0.0,0.0,3.0,1.0,30.0,7.0,2.0,0.0,3.0,1.0,10.0,no,no,yes
314,19.0614541,-98.3109695,0,5.0,3,0.0,0.0,3.0,1.0,30.0,7.0,2.0,0.0,3.0,1.0,10.0,no,no,no
315,19.0612258,-98.3111919,2,3.0,5,0.0,0.0,3.0,1.0,30.0,7.0,2.0,0.0,3.0,1.0,10.0,no,no,no
316,19.0608665,-98.3112764,0,2.0,4,0.0,1.0,2.0,1.0,30.0,7.0,2.0,0.0,3.0,1.0,20.0,no,no,no
317,19.0618356185,-98.3067292227,2,5.0,6,0.0,1.0,2.0,1.0,30.0,7.0,2.0,0.0,3.0,1.0,20.0,no,no,no
318,19.0605136519,-98.3060609457,0,2.0,2,0.0,1.0,2.0,1.0,30.0,7.0,2.0,0.0,3.0,1.0,20.0,no,no,no
319,19.0597415325,-98.306741458,0,3.0,4,0.0,1.0,2.0,1.0,30.0,7.0,2.0,0.0,3.0,1.0,20.0,no,no,no
320,19.0617376613,-98.3070316539,0,2.0,2,0.0,1.0,2.0,1.0,30.0,7.0,2.0,0.0,3.0,1.0,20.0,no,no,yes
321,19.0637564472,-98.3097306413,1,3.0,5,0.0,1.0,2.0,1.0,30.0,7.0,2.0,0.0,3.0,1.0,20.0,no,yes,no
322,19.0642133584,-98.3099810016,1,2.0,3,0.0,1.0,2.0,1.0,30.0,7.0,2.0,0.0,3.0,1.0,20.0,no,yes,yes
323,19.0662115021,-98.3142734506,1,2.0,3,0.0,1.0,2.0,1.0,30.0,7.0,2.0,0.0,3.0,1.0,20.0,no,no,no
324,19.0282081,-98.248033,5,2.0,0,0.0,1.0,2.0,1.0,30.0,7.0,2.0,0.0,3.0,1.0,20.0,no,no,no
325,19.017792,-98.215433,3,0.0,1,1.0,1.0,3.0,3.0,30.0,7.0,2.0,3.0,5.0,7.0,5.0,yes,yes,no
326,19.0162957342,-98.2194659114,0,3.0,2,3.0,3.0,2.0,3.0,30.0,7.0,2.0,3.0,3.0,7.0,0.0,yes,no,yes
327,19.016607641,-98.2198437676,1,0.0,1,1.0,1.0,2.0,3.0,30.0,7.0,2.0,1.0,5.0,1.0,0.0,yes,no,no
328,19.0153365537,-98.2184597477,0,0.0,0,2.0,2.0,0.0,3.0,30.0,7.0,2.0,1.0,1.0,7.0,9.0,no,no,no
329,19.018979,-98.21528,2,2.0,0,2.0,3.0,6.0,3.0,30.0,7.0,2.0,1.0,1.0,7.0,9.0,no,no,yes
330,19.017786,-98.218263,1,0.0,6,1.0,3.0,3.0,3.0,30.0,7.0,2.0,1.0,6.0,2.0,9.0,no,no,yes
331,19.019788,-98.217094,1,0.0,0,4.0,4.0,4.0,3.0,3.0,0.0,2.0,1.0,3.0,1.0,9.0,yes,no,yes
332,19.0254398,-98.249062,3,2.0,10,2.0,2.0,2.0,3.0,3.0,0.0,2.0,1.0,3.0,1.0,0.0,no,yes,yes
333,19.0120131,-98.2296442,0,0.0,5,2.0,2.0,2.0,3.0,3.0,0.0,2.0,1.0,3.0,1.0,0.0,yes,no,no
334,19.0115906,-98.2297252,1,2.0,0,2.0,2.0,1.0,1.0,3.0,0.0,28.0,1.0,7.0,7.0,3.0,no,no,yes
335,19.011515,-98.2297851,0,0.0,1,2.0,0.0,0.0,1.0,3.0,0.0,0.0,2.0,2.0,2.0,0.0,yes,no,no
336,19.0114826,-98.2297173,0,0.0,2,2.0,0.0,0.0,1.0,3.0,0.0,0.0,2.0,2.0,2.0,0.0,no,no,no
337,19.035325,-98.2679176,4,2.0,2,2.0,2.0,1.0,2.0,3.0,0.0,0.0,2.0,2.0,1.0,5.0,no,yes,yes
338,19.0405619362,-98.195357721,2,3.0,5,1.0,1.0,5.0,1.0,30.0,2.0,1.0,2.0,3.0,2.0,0.0,yes,no,yes
339,19.0409324,-98.1956504,0,0.0,2,1.0,1.0,5.0,1.0,30.0,2.0,1.0,2.0,3.0,2.0,0.0,no,yes,no
340,19.0411925,-98.1957911,1,0.0,3,2.0,2.0,4.0,0.0,30.0,2.0,2.0,2.0,6.0,2.0,0.0,no,yes,no
341,19.0410812934,-98.1968178758,0,0.0,5,2.0,2.0,4.0,0.0,30.0,2.0,2.0,2.0,6.0,2.0,0.0,no,yes,no
342,19.0410918637,-98.1959696755,0,0.0,5,3.0,0.0,3.0,0.0,30.0,2.0,2.0,2.0,6.0,1.0,0.0,yes,no,no
343,19.0415447381,-98.1953916586,0,0.0,8,3.0,0.0,3.0,0.0,30.0,2.0,2.0,2.0,6.0,1.0,0.0,yes,no,no
344,19.0418857,-98.1936643,1,0.0,2,4.0,0.0,1.0,0.0,30.0,2.0,2.0,2.0,6.0,1.0,0.0,no,yes,no
345,19.0419216,-98.1937059,0,0.0,1,1.0,0.0,6.0,1.0,30.0,2.0,2.0,2.0,6.0,1.0,0.0,no,no,no
346,19.0415702934,-98.194872076,0,0.0,4,1.0,0.0,10.0,1.0,30.0,2.0,2.0,2.0,6.0,1.0,20.0,yes,no,no
347,19.042167355,-98.1941749299,0,0.0,3,0.0,0.0,1.0,1.0,30.0,2.0,2.0,2.0,6.0,2.0,20.0,yes,yes,no
348,19.0418881085,-98.1936908041,1,0.0,3,0.0,0.0,1.0,1.0,30.0,2.0,2.0,2.0,6.0,2.0,20.0,yes,yes,no
349,19.0434164641,-98.194669784,2,1.0,1,0.0,0.0,1.0,1.0,30.0,2.0,2.0,2.0,6.0,2.0,20.0,no,no,no
350,19.0426957924,-98.1937826886,0,0.0,3,3.0,0.0,3.0,1.0,30.0,2.0,50.0,2.0,6.0,7.0,20.0,no,no,no
351,19.0352252,-98.266924,5,3.0,0,3.0,0.0,3.0,1.0,30.0,2.0,50.0,2.0,6.0,7.0,20.0,yes,yes,yes
352,19.0354424,-98.2678552,9,6.0,0,4.0,4.0,5.0,1.0,30.0,2.0,50.0,5.0,6.0,7.0,20.0,no,yes,yes
353,19.0221603715,-98.2495059818,1,5.0,8,1.0,1.0,4.0,1.0,30.0,2.0,5.0,2.0,6.0,2.0,4.0,no,no,yes
354,19.018705,-98.215739,2,0.0,1,2.0,4.0,1.0,1.0,30.0,2.0,5.0,5.0,6.0,2.0,0.0,no,no,no
355,19.017211,-98.217502,2,2.0,5,0.0,0.0,20.0,1.0,30.0,2.0,0.0,5.0,6.0,2.0,5.0,no,no,yes
356,19.021284,-98.216883,0,0.0,0,0.0,0.0,3.0,1.0,30.0,2.0,0.0,5.0,6.0,1.0,0.0,no,yes,no
357,19.019019,-98.218655,0,0.0,3,0.0,0.0,1.0,1.0,30.0,2.0,0.0,5.0,7.0,1.0,2.0,no,no,no
358,19.01854,-98.217874,3,4.0,12,3.0,2.0,1.0,0.0,3.0,5.0,1.0,5.0,7.0,3.0,2.0,yes,yes,yes
359,19.020451,-98.215618,1,3.0,7,0.0,0.0,1.0,0.0,3.0,5.0,0.0,1.0,7.0,3.0,0.0,no,no,yes
360,19.016776,-98.217554,0,0.0,12,1.0,2.0,2.0,0.0,3.0,1.0,0.0,1.0,7.0,1.0,0.0,yes,yes,no
361,19.018453,-98.215385,10,5.0,9,5.0,0.0,4.0,0.0,3.0,1.0,0.0,1.0,7.0,5.0,6.0,no,no,yes
362,19.0194537,-98.2614091,3,3.0,2,2.0,1.0,3.0,0.0,3.0,1.0,0.0,1.0,2.0,2.0,0.0,no,yes,yes
363,19.0193679,-98.2614787,1,0.0,1,2.0,1.0,3.0,0.0,3.0,1.0,0.0,1.0,2.0,2.0,0.0,yes,yes,no
364,19.0719291809,-98.1670391187,2,2.0,0,2.0,1.0,3.0,0.0,3.0,1.0,0.0,1.0,2.0,2.0,0.0,no,no,no
365,19.0718784813,-98.166975081,2,9.0,0,1.0,1.0,3.0,0.0,3.0,1.0,0.0,1.0,1.0,2.0,0.0,no,no,yes
366,19.072127543,-98.1666931137,2,0.0,9,1.0,1.0,3.0,0.0,3.0,1.0,0.0,1.0,1.0,2.0,0.0,no,no,no
367,19.0722007405,-98.1664215401,1,0.0,3,1.0,1.0,3.0,0.0,3.0,1.0,0.0,1.0,1.0,2.0,0.0,no,no,no
368,19.0724183,-98.1662846,2,0.0,0,2.0,2.0,0.0,0.0,2.0,0.0,0.0,1.0,7.0,7.0,6.0,no,no,no
369,19.0724726164,-98.1662518904,2,1.0,0,2.0,2.0,0.0,0.0,2.0,0.0,0.0,1.0,7.0,7.0,6.0,no,no,yes
370,19.0725629248,-98.1661503017,2,2.0,0,2.0,2.0,0.0,0.0,2.0,0.0,0.0,1.0,7.0,7.0,6.0,no,no,yes
371,19.02818,-98.248065,2,2.0,3,2.0,2.0,0.0,0.0,2.0,0.0,0.0,1.0,7.0,7.0,6.0,no,no,no
372,19.0731782877,-98.1655820087,1,0.0,12,2.0,2.0,0.0,0.0,2.0,0.0,0.0,1.0,7.0,7.0,6.0,no,yes,yes
373,19.0281426,-98.2479993,2,1.0,3,2.0,2.0,0.0,0.0,2.0,0.0,0.0,1.0,7.0,7.0,6.0,no,no,yes
374,19.0734498452,-98.1652718782,2,1.0,0,2.0,2.0,0.0,0.0,2.0,0.0,0.0,1.0,7.0,7.0,6.0,no,no,yes
375,19.0734732935,-98.165335916,2,0.0,9,0.0,0.0,0.0,0.0,2.0,0.0,0.0,1.0,7.0,7.0,6.0,no,no,yes
376,19.0736675345,-98.165345639,0,1.0,0,0.0,0.0,0.0,0.0,2.0,0.0,0.0,1.0,7.0,7.0,6.0,no,no,yes
377,19.0738560715,-98.1652105227,0,2.0,0,1.0,1.0,10.0,0.0,2.0,0.0,0.0,0.0,7.0,7.0,6.0,no,no,yes
378,19.0738966307,-98.1652306393,0,0.0,3,1.0,1.0,10.0,0.0,2.0,0.0,0.0,0.0,7.0,7.0,6.0,no,no,no
379,19.0718272,-98.1667071,0,0.0,8,1.0,1.0,10.0,0.0,2.0,0.0,0.0,0.0,7.0,7.0,6.0,no,no,yes
380,19.0338184007,-98.250701898,0,0.0,7,1.0,0.0,10.0,0.0,2.0,0.0,0.0,0.0,7.0,7.0,6.0,no,yes,no
381,19.0720309,-98.1672506,0,2.0,4,1.0,0.0,10.0,0.0,2.0,0.0,0.0,0.0,7.0,7.0,6.0,no,no,yes
382,19.0720059,-98.1671792,1,0.0,3,1.0,0.0,10.0,0.0,2.0,0.0,0.0,0.0,7.0,7.0,6.0,no,yes,no
383,19.0719822,-98.1665939,2,5.0,14,0.0,0.0,10.0,0.0,2.0,0.0,0.0,0.0,5.0,7.0,6.0,no,yes,no
384,19.0333071677,-98.2507821267,1,2.0,6,1.0,0.0,20.0,0.0,2.0,0.0,0.0,0.0,5.0,7.0,6.0,no,no,yes
385,19.0146935766,-98.2210735825,1,0.0,5,1.0,1.0,7.0,0.0,2.0,0.0,0.0,3.0,2.0,1.0,0.0,no,yes,no
386,19.0145787271,-98.2208111231,6,3.0,20,2.0,2.0,2.0,0.0,2.0,0.0,0.0,3.0,2.0,1.0,22.0,yes,no,yes
387,19.0746506117,-98.1669275557,1,2.0,10,2.0,0.0,2.0,1.0,15.0,0.0,7.0,0.0,2.0,2.0,20.0,yes,yes,no
388,19.02073466,-98.2607148813,0,0.0,3,2.0,0.0,2.0,1.0,15.0,0.0,7.0,0.0,2.0,2.0,20.0,no,no,no
389,19.0201986801,-98.2610655503,0,0.0,8,2.0,0.0,2.0,1.0,15.0,0.0,7.0,0.0,2.0,2.0,20.0,yes,yes,no
390,19.0721155051,-98.1671773364,1,0.0,3,2.0,0.0,2.0,1.0,15.0,0.0,7.0,0.0,2.0,2.0,20.0,no,yes,no
391,19.0719532632,-98.1668915972,0,1.0,1,0.0,0.0,8.0,1.0,15.0,0.0,7.0,0.0,2.0,2.0,20.0,no,no,no
392,19.0715882889,-98.1664877444,1,0.0,1,0.0,0.0,1.0,1.0,15.0,0.0,7.0,20.0,7.0,7.0,30.0,no,no,no
393,19.0716345616,-98.1666851677,2,3.0,0,0.0,0.0,1.0,1.0,15.0,0.0,7.0,20.0,7.0,7.0,30.0,no,no,yes
394,19.0715397103,-98.1665939559,2,0.0,3,0.0,0.0,1.0,1.0,15.0,0.0,7.0,20.0,7.0,7.0,30.0,no,yes,yes
395,19.0740419,-98.1652797,0,0.0,2,0.0,0.0,1.0,1.0,15.0,0.0,7.0,20.0,7.0,7.0,30.0,no,yes,no
396,19.0734945238,-98.1655042246,2,18.0,24,4.0,4.0,1.0,1.0,15.0,0.0,7.0,20.0,7.0,7.0,30.0,no,no,yes
397,19.0735515603,-98.1654552743,2,6.0,30,3.0,3.0,1.0,5.0,15.0,0.0,7.0,7.0,7.0,7.0,30.0,yes,no,yes
398,19.072871427,-98.1659044691,1,1.0,1,1.0,1.0,2.0,1.0,15.0,0.0,0.0,0.0,4.0,4.0,20.0,yes,no,yes
399,19.0720983908,-98.1665167585,1,1.0,1,1.0,1.0,2.0,1.0,15.0,0.0,0.0,0.0,4.0,4.0,20.0,no,no,yes
400,19.0722181684,-98.1664034352,1,0.0,7,1.0,1.0,2.0,1.0,15.0,0.0,0.0,0.0,4.0,4.0,20.0,no,yes,no
401,19.0189338,-98.2622569,0,1.0,2,3.0,0.0,5.0,1.0,15.0,0.0,0.0,0.0,2.0,7.0,20.0,no,no,no
402,19.0726785172,-98.1661550067,2,1.0,7,1.0,0.0,8.0,1.0,15.0,0.0,0.0,0.0,3.0,7.0,15.0,no,yes,yes
403,19.0725157,-98.1633137,0,0.0,0,0.0,0.0,3.0,1.0,15.0,0.0,0.0,0.0,7.0,7.0,70.0,no,no,no
404,19.0752733,-98.1668952,0,1.0,1,0.0,0.0,3.0,1.0,15.0,0.0,0.0,0.0,7.0,7.0,70.0,no,no,yes
405,19.0697916,-98.166774,3,2.0,1,0.0,0.0,15.0,1.0,15.0,0.0,0.0,0.0,3.0,7.0,70.0,no,no,yes
406,19.0708331,-98.1661693,0,0.0,0,1.0,1.0,15.0,1.0,15.0,0.0,0.0,0.0,3.0,7.0,70.0,no,no,yes
407,19.0721611315,-98.1664889306,1,3.0,1,2.0,4.0,15.0,1.0,50.0,0.0,0.0,0.0,3.0,7.0,70.0,no,no,yes
408,19.0728386119,-98.1637859345,0,23.0,6,2.0,4.0,15.0,1.0,50.0,0.0,0.0,0.0,3.0,7.0,70.0,yes,yes,no
409,19.0752377222,-98.1669914258,2,3.0,7,2.0,4.0,15.0,1.0,50.0,0.0,0.0,0.0,3.0,7.0,70.0,yes,yes,no
410,19.0707676642,-98.1677079679,0,2.0,0,2.0,4.0,15.0,1.0,50.0,0.0,0.0,0.0,3.0,7.0,70.0,no,no,no
411,19.070091556,-98.1668828059,0,1.0,3,1.0,4.0,7.0,1.0,50.0,0.0,0.0,0.0,3.0,7.0,70.0,no,no,yes
412,19.0706364153,-98.1663859179,0,1.0,5,1.0,4.0,7.0,1.0,50.0,0.0,0.0,0.0,3.0,7.0,70.0,yes,no,no
413,19.0709173875,-98.1661138874,1,3.0,4,4.0,4.0,10.0,1.0,15.0,0.0,0.0,2.0,3.0,2.0,70.0,no,no,no
414,19.0258281,-98.2492535,3,1.0,3,4.0,4.0,10.0,1.0,15.0,0.0,0.0,2.0,3.0,2.0,70.0,no,no,no
415,19.02534,-98.24906,2,11.0,18,4.0,4.0,10.0,1.0,15.0,0.0,0.0,2.0,3.0,2.0,70.0,no,yes,yes
416,19.0196109752,-98.2613523613,1,4.0,8,4.0,4.0,10.0,1.0,15.0,0.0,0.0,2.0,3.0,2.0,70.0,no,yes,yes
417,19.0577455954,-98.2224672044,3,0.0,24,4.0,4.0,10.0,1.0,15.0,0.0,0.0,2.0,3.0,2.0,70.0,no,no,no
418,19.0576937048,-98.2224884518,3,0.0,3,5.0,5.0,5.0,1.0,15.0,0.0,0.0,2.0,3.0,2.0,0.0,yes,no,no
419,19.0598786521,-98.2278537583,4,1.0,15,4.0,6.0,1.0,1.0,15.0,0.0,0.0,2.0,3.0,2.0,20.0,yes,no,yes
420,19.0600482436,-98.2276538391,8,2.0,0,4.0,4.0,15.0,1.0,15.0,0.0,0.0,2.0,3.0,2.0,20.0,no,no,yes
421,19.0613368025,-98.2285427196,0,0.0,14,1.0,1.0,7.0,1.0,15.0,0.0,0.0,1.0,3.0,1.0,0.0,yes,no,no
422,19.0605600821,-98.2275981059,2,0.0,6,2.0,2.0,2.0,0.0,15.0,0.0,0.0,1.0,3.0,1.0,0.0,yes,yes,no
423,19.0599870721,-98.2278379428,0,0.0,12,1.0,1.0,0.0,0.0,2.0,0.0,0.0,1.0,3.0,1.0,0.0,no,no,yes
424,19.0591967259,-98.2246795332,5,0.0,1,2.0,2.0,4.0,0.0,2.0,0.0,0.0,1.0,3.0,1.0,0.0,no,no,yes
425,19.0561435132,-98.2212986935,0,0.0,8,0.0,0.0,2.0,0.0,2.0,0.0,0.0,1.0,3.0,1.0,0.0,no,yes,no
426,18.9993095,-98.2749524,4,1.0,3,6.0,6.0,3.0,0.0,2.0,0.0,0.0,1.0,3.0,1.0,0.0,no,no,no
427,18.9993582,-98.2750659,4,0.0,4,2.0,3.0,2.0,0.0,2.0,0.0,0.0,1.0,2.0,2.0,0.0,no,no,no
428,19.019056,-98.2617893,5,1.0,1,3.0,0.0,0.0,1.0,2.0,0.0,1.0,1.0,1.0,1.0,15.0,no,no,no
429,19.0189901,-98.2618157,4,0.0,0,0.0,0.0,5.0,1.0,2.0,0.0,1.0,2.0,1.0,1.0,0.0,yes,no,no
430,19.0189553,-98.2619128,1,1.0,2,2.0,2.0,0.0,1.0,2.0,0.0,1.0,2.0,1.0,2.0,20.0,no,no,no
431,19.0189428,-98.261972,1,0.0,0,2.0,2.0,4.0,1.0,2.0,0.0,1.0,2.0,3.0,1.0,0.0,yes,no,no
432,19.0189376,-98.2622459,0,0.0,0,2.0,2.0,4.0,1.0,2.0,0.0,1.0,2.0,3.0,7.0,0.0,no,no,no
433,19.0192176,-98.2625277,0,2.0,1,3.0,2.0,5.0,1.0,2.0,0.0,1.0,2.0,3.0,1.0,6.0,no,no,no
434,19.0577006737,-98.2225255488,2,0.0,1,2.0,2.0,1.0,1.0,2.0,0.0,1.0,2.0,7.0,1.0,0.0,no,no,no
435,19.0201684863,-98.2170385251,0,3.0,1,0.0,0.0,7.0,1.0,2.0,0.0,1.0,2.0,7.0,1.0,4.0,yes,no,yes
436,19.0347777,-98.2655858,0,0.0,0,3.0,2.0,4.0,1.0,2.0,0.0,1.0,2.0,7.0,3.0,0.0,no,yes,no
437,19.0422064817,-98.1943173767,7,3.0,2,4.0,2.0,5.0,1.0,2.0,0.0,1.0,2.0,7.0,5.0,0.0,yes,no,yes
438,19.0434026,-98.1947222,0,0.0,5,4.0,2.0,5.0,1.0,2.0,0.0,1.0,2.0,7.0,5.0,0.0,no,yes,no
439,19.0431876,-98.194174,0,1.0,7,4.0,2.0,5.0,1.0,2.0,0.0,1.0,2.0,7.0,5.0,0.0,no,yes,no
440,19.0431145635,-98.1940658722,1,0.0,5,4.0,2.0,5.0,1.0,2.0,0.0,1.0,2.0,7.0,5.0,0.0,yes,no,no
441,19.0428094171,-98.1934387078,3,1.0,1,4.0,2.0,5.0,1.0,2.0,0.0,1.0,2.0,7.0,5.0,0.0,yes,no,yes
442,19.042558,-98.193818,0,1.0,1,4.0,2.0,5.0,1.0,2.0,0.0,1.0,2.0,7.0,5.0,0.0,no,no,yes
443,19.0428229892,-98.1937349172,1,3.0,1,4.0,2.0,5.0,1.0,2.0,0.0,1.0,2.0,7.0,5.0,0.0,no,no,yes
